City_ID,City,Lat,Lng,Max Temp,Humidity,Cloudiness,Wind Speed,Country,Date
0,albany,42.6001,-73.9662,5.32,51,25,3.13,US,1743521024
1,adamstown,-25.066,-130.1015,24.78,81,1,3.53,PN,1743521026
2,nalut,30.3333,10.85,23.87,14,1,9.52,LY,1743521028
3,papatowai,-46.5619,169.4708,12.25,89,100,4.63,NZ,1743521029
4,caleta de carquin,-11.0925,-77.6267,21.83,81,97,3.37,PE,1743521031
5,hovd,48.0056,91.6419,3.47,30,0,4.19,MN,1743520891
6,port elizabeth,-33.918,25.5701,20.73,79,0,9.77,ZA,1743520740
7,vila franca do campo,37.7167,-25.4333,13.23,66,76,10.68,PT,1743521034
8,marrakesh,31.6315,-8.0083,23.04,43,75,4.63,MA,1743520873
9,kingston,17.997,-76.7936,30.65,55,20,7.2,JM,1743520230
10,port-aux-francais,-49.35,70.2167,7.71,96,100,10.39,TF,1743521038
11,midvagur,62.0511,-7.1939,9.46,93,75,7.72,FO,1743521039
12,el porvenir,13.7617,-87.3458,28.12,61,71,1.46,HN,1743520825
13,heyuan,23.7333,114.6833,13.77,73,0,1.72,CN,1743521042
14,namibe,-15.1961,12.1522,25.18,79,99,3.63,AO,1743521043
15,puerto natales,-51.7236,-72.4875,7.25,61,40,9.26,CL,1743521044
16,walvis bay,-22.9575,14.5053,22.53,60,0,4.63,NA,1743521045
17,moanda,-1.5575,13.2178,31.13,64,100,2.18,GA,1743521047
18,blackmans bay,-43.0167,147.3167,11.07,85,96,2.31,AU,1743521048
19,tabou,4.423,-7.3528,29.2,73,64,4.09,CI,1743521049
20,tura,25.5198,90.2201,25.31,31,5,2.05,IN,1743521051
21,hawaiian paradise park,19.5933,-154.9731,21.05,72,0,3.6,US,1743521052
22,kodiak,57.79,-152.4072,8.73,49,0,4.63,US,1743521053
23,grytviken,-54.2811,-36.5092,1.28,86,68,18.04,GS,1743521054
24,benguela,-12.5763,13.4055,25.77,87,100,2.61,AO,1743521056
25,avarua,-21.2078,-159.775,26.84,81,99,2.29,CK,1743521057
26,badger,64.8,-147.5333,1.14,91,100,8.23,US,1743521058
27,puerto ayora,-0.7393,-90.3518,28.08,90,11,0.45,EC,1743520789
28,whitehorse,60.7161,-135.0538,-4.57,86,75,1.03,CA,1743520895
29,lompoc,34.6391,-120.4579,11.12,81,100,3.09,US,1743521062
30,colonia,50.9333,6.95,14.95,41,0,5.66,DE,1743520886
31,alice springs,-23.7,133.8833,16.75,100,100,4.12,AU,1743521065
32,suva,-18.1416,178.4415,25.71,100,75,2.57,FJ,1743520520
33,saipan,15.1355,145.701,27.39,74,40,6.17,MP,1743520883
34,ilulissat,69.2167,-51.1,-11.99,67,100,5.14,GL,1743521069
35,ancud,-41.8697,-73.8203,11.73,74,58,2.21,CL,1743521070
36,san mariano,7.5,126.0,23.43,93,100,0.79,PH,1743521071
37,praia,14.9215,-23.5087,25.3,57,20,10.29,CV,1743521072
38,dubbo,-32.25,148.6167,17.07,72,100,5.14,AU,1743521074
39,stanley,54.868,-1.6985,14.17,56,0,4.12,GB,1743521075
40,gadani,25.1185,66.7299,26.61,68,0,2.35,PK,1743521076
41,denison,33.7557,-96.5367,17.01,84,75,8.23,US,1743520825
42,biloela,-24.4167,150.5,23.07,88,97,1.72,AU,1743521079
43,margaret river,-33.95,115.0667,16.93,71,99,6.5,AU,1743521080
44,hilo,19.7297,-155.09,21.17,80,0,3.6,US,1743521082
45,myrina,39.8797,25.0742,15.58,67,40,4.63,GR,1743521083
46,pandan,14.0453,124.1694,25.73,87,90,3.06,PH,1743521084
47,bethel,41.3712,-73.414,8.42,59,0,8.75,US,1743520938
48,krasnopavlivka,49.1372,36.3272,12.57,77,95,2.33,UA,1743521087
49,nemuro,43.3236,145.575,1.15,87,14,4.18,JP,1743521088
50,isafjordur,66.0755,-23.124,3.02,81,75,2.57,IS,1743521089
51,umm kaddadah,13.6017,26.6876,36.89,19,87,4.36,SD,1743521091
52,port mathurin,-19.6833,63.4167,26.88,71,9,8.09,MU,1743521092
53,vorkuta,67.5,64.0,-11.41,99,100,1.74,RU,1743521093
54,zaozersk,69.4005,32.4476,-2.44,88,77,2.76,RU,1743521095
55,huarmey,-10.0681,-78.1522,23.27,77,100,3.88,PE,1743521096
56,mumford,5.2618,-0.759,29.72,73,99,7.16,GH,1743521097
57,iskateley,67.6803,53.1512,-7.22,95,41,3.33,RU,1743521098
58,bredasdorp,-34.5322,20.0403,20.67,53,71,4.47,ZA,1743521100
59,anadyr,64.75,177.4833,-13.72,92,0,3.0,RU,1743521101
60,waitangi,-43.9535,-176.5597,12.68,97,90,4.72,NZ,1743521102
61,novaya ladoga,60.1025,32.3019,6.91,83,24,3.49,RU,1743521103
62,yellowknife,62.456,-114.3525,-15.71,85,100,5.66,CA,1743521106
63,severo-yeniseyskiy,60.3725,93.0408,-7.78,93,100,3.71,RU,1743521110
64,mutuali,-14.8706,37.0044,24.59,82,20,1.45,MZ,1743521111
65,tarrafal,15.2833,-23.7667,21.09,82,100,8.54,CV,1743521113
66,queenstown,-31.8976,26.8753,18.33,77,94,4.98,ZA,1743521114
67,harper,4.375,-7.7169,29.49,71,70,4.15,LR,1743520884
68,bereeda,11.8704,51.0579,26.67,73,11,2.96,SO,1743521117
69,katsuura,35.1333,140.3,14.8,92,100,6.63,JP,1743521118
70,talnakh,69.4865,88.3972,-16.44,97,93,3.7,RU,1743521119
71,andreapol',56.6513,32.2664,11.45,51,99,4.32,RU,1743521120
72,mariehamn,60.0973,19.9348,10.92,37,0,3.09,AX,1743521122
73,ibb,13.9667,44.1833,22.29,45,57,2.31,YE,1743521008
74,bu'aale,1.0833,42.5833,31.57,53,89,4.09,SO,1743521124
75,cuajinicuilapa,16.4667,-98.4167,27.93,44,38,1.21,MX,1743521126
76,belfast,54.5833,-5.9333,12.99,43,69,7.2,GB,1743521127
77,schaijk,51.7458,5.6319,15.52,45,40,7.72,NL,1743521128
78,quellon,-43.1167,-73.6167,11.58,84,99,3.61,CL,1743521130
79,ushuaia,-54.8,-68.3,6.81,70,40,4.12,AR,1743521054
80,mirriah,13.7073,9.1501,36.34,6,4,1.54,NE,1743521132
81,ola,59.5833,151.2833,-14.4,89,84,2.96,RU,1743521134
82,san jose del guaviare,2.5729,-72.6459,30.9,57,98,1.71,CO,1743521135
83,jayapura,-2.5333,140.7,24.66,92,100,0.92,ID,1743521136
84,al burayqah,30.4062,19.5739,18.2,58,42,6.09,LY,1743520846
85,kahriz,34.3838,47.0553,21.04,24,0,6.17,IR,1743521139
86,iqaluit,63.7506,-68.5145,-22.95,63,0,1.03,CA,1743521140
87,christchurch,-43.5333,172.6333,13.51,85,100,3.1,NZ,1743520674
88,georgetown,5.4112,100.3354,26.96,87,40,1.03,MY,1743521143
89,sitka,57.0531,-135.33,1.94,64,0,2.06,US,1743521144
90,saudarkrokur,65.7461,-19.6394,5.31,71,84,4.85,IS,1743521145
91,hammerfest,70.6634,23.6821,3.25,65,40,4.63,NO,1743521147
92,la paz,-16.5,-68.15,11.99,74,75,2.06,BO,1743521134
93,muravlenko,63.7898,74.523,-7.95,90,63,3.74,RU,1743521149
94,lata,40.1629,-8.3327,23.05,42,94,3.72,PT,1743521151
95,west island,-12.1568,96.8225,26.99,89,40,4.63,CC,1743521152
96,konarka,19.9,86.1167,27.12,78,1,7.1,IN,1743521153
97,lebu,-37.6167,-73.65,13.35,65,0,5.96,CL,1743521155
98,kish,26.5578,54.0194,25.15,61,0,5.14,IR,1743521156
99,hamilton,39.1834,-84.5333,7.12,69,100,3.09,US,1743521015
100,khudaganj,28.15,79.7167,26.51,7,3,3.96,IN,1743521159
101,geraldton,-28.7667,114.6,23.23,78,1,5.14,AU,1743521160
102,watsa,3.0372,29.5355,26.47,56,100,1.48,CD,1743521162
103,hermanus,-34.4187,19.2345,21.0,65,20,4.58,ZA,1743521163
104,tiksi,71.6872,128.8694,-13.93,97,100,1.62,RU,1743521164
105,aasiaat,68.7098,-52.8699,-15.22,91,92,1.64,GL,1743521165
106,narasannapeta,18.4167,84.05,25.84,80,0,2.82,IN,1743521167
107,port lincoln,-34.7333,135.8667,17.92,75,0,3.54,AU,1743521168
108,vung tau,10.346,107.0843,27.07,87,83,4.71,VN,1743521169
109,college,64.8569,-147.8028,1.15,86,100,8.23,US,1743521171
110,kaspiysk,42.8816,47.6392,15.1,67,20,4.0,RU,1743521172
111,balqash,46.8481,74.995,5.96,72,4,5.24,KZ,1743521173
112,qaqortoq,60.7167,-46.0333,-7.9,56,0,1.87,GL,1743521174
113,kaa-khem,51.6833,94.7333,-4.61,81,10,1.51,RU,1743521176
114,varna,43.2167,27.9167,10.08,87,75,3.09,BG,1743521177
115,karachi,24.9056,67.0822,27.9,54,0,1.03,PK,1743521092
116,kingscliff,-28.2667,153.5667,20.89,94,75,3.6,AU,1743521180
117,invercargill,-46.4,168.35,10.57,92,97,1.79,NZ,1743521182
118,karratha,-20.7377,116.8463,30.18,61,75,3.73,AU,1743521184
119,olonkinbyen,70.9221,-8.7187,-1.54,88,99,6.04,SJ,1743521185
120,tolanaro,-25.0319,46.9987,25.59,85,22,6.37,MG,1743521186
121,pont rouge,48.8833,-72.0825,-6.35,75,98,7.79,CA,1743521188
122,byron bay,-28.65,153.6167,21.68,91,99,2.6,AU,1743521189
123,san antonio de pale,-1.4014,5.6325,27.53,80,78,3.79,GQ,1743521190
124,chui,-33.6971,-53.4616,22.31,58,17,5.99,UY,1743521192
125,saurimo,-9.6608,20.3916,22.33,80,100,2.27,AO,1743521193
126,howrah,22.5892,88.3103,29.0,74,20,6.69,IN,1743521194
127,suoyarvi,62.0833,32.35,4.94,80,100,3.02,RU,1743521196
128,egilsstadir,65.2653,-14.3948,7.95,49,0,2.57,IS,1743521197
129,slave lake,55.2834,-114.769,0.99,86,100,1.03,CA,1743521198
130,atafu village,-8.5421,-172.5159,28.03,77,47,4.15,TK,1743521199
131,illapel,-31.6308,-71.1653,18.87,43,100,1.94,CL,1743521201
132,punta arenas,-53.15,-70.9167,6.06,81,75,13.89,CL,1743521099
133,codrington,-38.2667,141.9667,12.48,93,30,2.68,AU,1743521203
134,tonghae,37.5439,129.1069,6.85,58,36,2.72,KR,1743521205
135,keflavik,64.0049,-22.5624,6.24,52,0,6.17,IS,1743521206
136,kharp,66.8014,65.8081,-10.55,90,99,2.56,RU,1743521208
137,campo gallo,-26.5833,-62.85,19.54,43,85,2.88,AR,1743521209
138,okhotsk,59.3833,143.3,-9.86,97,100,2.23,RU,1743521210
139,onega,63.9061,38.1404,0.37,97,100,1.49,RU,1743521211
140,hun,29.1268,15.9477,25.19,14,0,8.78,LY,1743521213
141,nouadhibou,20.931,-17.0347,23.99,57,98,8.23,MR,1743521214
142,ismayilli,40.779,48.1638,16.71,45,0,1.59,AZ,1743521215
143,portland,45.5234,-122.6762,5.1,96,100,3.13,US,1743521217
144,adiake,5.2863,-3.304,30.66,65,92,4.56,CI,1743521218
145,nova vicosa,-17.8919,-39.3719,30.01,60,66,3.71,BR,1743521219
146,rogozno,52.7523,16.9905,13.78,51,70,4.33,PL,1743521221
147,revda,56.801,59.9303,1.33,99,100,1.01,RU,1743521222
148,ust'-kut,56.7938,105.7672,0.02,92,100,2.52,RU,1743521223
149,qarazhal,48.0078,70.7903,6.08,71,0,2.49,KZ,1743521225
150,bonthe,7.5264,-12.505,30.91,61,72,6.31,SL,1743521226
151,edinburgh of the seven seas,-37.0676,-12.3116,17.85,74,100,9.56,SH,1743521103
152,ust-nera,64.5667,143.2,-18.38,97,94,1.6,RU,1743521228
153,nakasongola,1.3089,32.4564,30.36,35,92,1.08,UG,1743521223
154,helena valley west central,46.6629,-112.0604,1.49,86,100,4.63,US,1743521231
155,karagandy,49.8019,73.1021,3.97,80,97,2.86,KZ,1743521232
156,fisterra,42.9049,-9.2629,14.74,92,59,6.01,ES,1743521233
157,carrizo springs,28.5219,-99.8606,24.97,69,86,4.12,US,1743521235
158,pisco,-13.7,-76.2167,24.03,64,0,3.6,PE,1743521236
159,la tuque,47.4334,-72.7824,-3.86,54,100,5.66,CA,1743521237
160,petropavlovsk-kamchatsky,53.0452,158.6483,-5.67,68,40,2.0,RU,1743521239
161,kavaratti,10.5669,72.642,28.4,70,74,4.15,IN,1743521240
162,eldorado,-23.7869,-54.2836,26.64,76,80,1.83,BR,1743521241
163,nyurba,63.2842,118.3319,-10.75,95,96,1.67,RU,1743521243
164,susuman,62.7833,148.1667,-22.35,100,49,1.05,RU,1743521244
165,perry,37.2506,-83.1999,8.56,67,60,2.27,US,1743521246
166,kolonia,50.9333,6.95,14.95,41,0,5.66,DE,1743520961
167,el calafate,-50.3408,-72.2768,5.96,77,81,5.89,AR,1743521248
168,thompson,55.7435,-97.8558,-14.91,47,75,1.54,CA,1743521249
169,uturoa,-16.7333,-151.4333,28.13,76,99,7.73,PF,1743521251
170,gopalpur,19.2667,84.9167,27.1,77,3,8.17,IN,1743521252
171,brisas de zicatela,15.8369,-97.0419,27.29,69,75,1.54,MX,1743521253
172,labrador city,52.9463,-66.9114,-8.05,73,100,2.57,CA,1743521255
173,la passe,45.5549,-0.8967,17.03,53,0,8.88,FR,1743521256
174,hirara,24.8,125.2833,19.15,77,100,8.75,JP,1743521257
175,clocolan,-28.9137,27.5656,14.09,85,100,2.32,ZA,1743521259
176,fort bragg,35.139,-79.006,17.04,60,100,4.63,US,1743521260
177,udachny,66.4167,112.4,-17.07,99,80,0.93,RU,1743521262
178,afaahiti,-17.75,-149.2833,26.55,78,62,7.28,PF,1743521263
179,manaure,11.7751,-72.4445,31.24,55,100,6.39,CO,1743521264
180,wailua homesteads,22.0669,-159.378,23.44,90,75,5.66,US,1743521266
181,port alfred,-33.5906,26.891,21.21,77,100,1.79,ZA,1743521267
182,eureka,40.8021,-124.1637,8.12,96,100,0.89,US,1743520985
183,road town,18.4167,-64.6167,28.02,69,75,6.69,VG,1743521269
184,lower hutt,-41.2167,174.9167,15.95,88,100,4.63,NZ,1743521271
185,jamestown,42.097,-79.2353,0.57,79,100,5.14,US,1743521147
186,piacabucu,-10.4056,-36.4344,29.79,59,100,5.12,BR,1743521273
187,bela,25.9333,81.9833,28.32,8,0,3.25,IN,1743521275
188,myeik,12.4333,98.6,27.28,78,72,1.33,MM,1743521276
189,bata,1.8639,9.7658,30.92,74,20,3.6,GQ,1743521070
190,bilibino,68.0546,166.4372,-18.44,98,100,0.75,RU,1743521278
191,flying fish cove,-10.4217,105.6791,24.82,94,4,1.54,CX,1743521280
192,touros,-5.1989,-35.4608,30.77,58,92,7.81,BR,1743521281
193,toliara,-23.35,43.6667,27.14,74,0,3.64,MG,1743521282
194,pionerskiy,54.9508,20.2275,3.91,90,79,6.56,RU,1743521284
195,colares,38.7992,-9.4469,19.1,79,40,5.66,PT,1743521285
196,lefkada,38.8275,20.7019,18.95,63,75,3.6,GR,1743521286
197,surgut,61.25,73.4167,-3.9,68,0,2.0,RU,1743521069
198,arawa,-6.2132,155.5367,25.19,92,17,1.02,PG,1743521289
199,kittila,67.6647,24.8936,5.08,52,0,2.06,FI,1743521290
200,tralee,52.2704,-9.7026,15.14,51,0,10.8,IE,1743521292
201,xiangtan,27.85,112.9,15.34,52,71,1.15,CN,1743521293
202,chonchi,-42.6128,-73.8092,13.95,72,85,1.35,CL,1743521294
203,polyarnyy,69.1989,33.4478,-1.05,88,91,1.82,RU,1743521295
204,salinas,36.6777,-121.6555,10.6,97,98,1.79,US,1743521273
205,sao felipe,-14.8167,-41.3833,33.02,37,53,4.63,BR,1743521298
206,posto fiscal rolim de moura,-13.0833,-62.2667,25.31,95,94,2.41,BR,1743521299
207,vorgashor,67.5833,63.95,-11.67,99,100,1.79,RU,1743521301
208,khandyga,62.6667,135.6,-8.62,84,100,2.56,RU,1743521302
209,la'ie,21.6477,-157.9253,24.66,80,100,3.7,US,1743521303
210,ha'il,27.5219,41.6907,31.01,15,0,5.14,SA,1743521304
211,weno,7.4515,151.8468,27.53,83,95,8.13,FM,1743521306
212,tyazhinskiy,56.116,88.524,2.86,97,100,5.34,RU,1743521307
213,sefaatli,39.5043,34.7563,13.8,43,100,7.14,TR,1743521308
214,bulayevo,54.9056,70.4439,3.49,83,100,2.46,KZ,1743521309
215,vadso,70.0744,29.7487,0.09,74,0,2.06,NO,1743521311
216,megion,61.0296,76.1136,-2.99,82,46,3.59,RU,1743521312
217,corner brook,48.9667,-57.9484,3.16,100,100,1.82,CA,1743521314
218,sungai raya,0.7,108.9,26.2,83,100,0.43,ID,1743521315
219,dunedin,-45.8742,170.5036,12.93,86,100,5.56,NZ,1743521316
220,saldanha,-33.0117,17.9442,17.69,73,0,8.64,ZA,1743521317
221,gallup,35.5281,-108.7426,8.91,49,40,12.35,US,1743521319
222,okoneshnikovo,54.8377,75.0834,1.32,92,100,3.57,RU,1743521320
223,lake munmorah,-33.1936,151.5719,18.2,80,100,5.44,AU,1743521321
224,sabang,5.8933,95.3214,28.44,73,99,2.38,ID,1743521323
225,punta del este,-34.9667,-54.95,21.06,75,75,6.69,UY,1743521132
226,mili,6.0815,171.735,27.74,77,35,8.03,MH,1743521326
227,ribeira grande,38.5167,-28.7,14.22,51,40,11.62,PT,1743521327
228,arinos,-15.9169,-46.1056,32.43,34,64,2.31,BR,1743521329
229,port blair,11.6667,92.75,28.02,83,40,1.03,IN,1743521331
230,lorengau,-2.0226,147.2712,26.92,80,100,1.48,PG,1743521335
231,fengxiang,47.5833,130.8333,-1.51,99,100,4.65,CN,1743521336
232,cidreira,-30.1811,-50.2056,21.68,86,100,6.27,BR,1743521337
233,nola,40.922,14.5329,14.46,73,82,3.38,IT,1743521339
234,mount isa,-20.7333,139.5,23.87,94,100,5.14,AU,1743521340
235,lazaro cardenas,17.9583,-102.2,24.47,68,11,0.68,MX,1743521193
236,west bay,19.3667,-81.4167,29.04,74,40,5.14,KY,1743521343
237,makedonska kamenica,42.02,22.5919,8.06,82,100,6.12,MK,1743521344
238,tidjikja,18.5564,-11.4271,36.94,12,8,0.53,MR,1743521345
239,novi vinodolski,45.1281,14.7889,13.47,50,40,4.63,HR,1743521347
240,puerto baquerizo moreno,-0.9,-89.6,28.55,84,40,1.03,EC,1743521348
241,luderitz,-26.6481,15.1594,22.64,54,0,14.15,NA,1743521351
242,kruisfontein,-34.0033,24.7314,18.89,62,98,6.61,ZA,1743521352
243,callaway,30.153,-85.5699,24.97,86,0,1.34,US,1743521353
244,peterhead,57.5058,-1.7981,10.17,68,77,8.87,GB,1743521355
245,al artawiyah,26.5053,45.3444,34.23,16,73,3.44,SA,1743521356
246,constantia,44.1833,28.65,9.38,91,100,5.19,RO,1743521357
247,mana,5.6592,-53.7767,24.58,93,100,3.78,GF,1743521359
248,kailua-kona,19.6406,-155.9956,22.53,84,29,0.89,US,1743521360
249,chongwe,-15.3292,28.682,27.32,81,97,2.32,ZM,1743521361
250,cabo san lucas,22.8909,-109.9124,26.17,25,0,1.03,MX,1743521363
251,margate,51.3813,1.3862,10.49,75,0,1.34,GB,1743521364
252,el granada,37.5027,-122.4694,11.43,89,75,4.63,US,1743521365
253,port saint john's,-31.6229,29.5448,22.96,85,100,7.15,ZA,1743521368
254,hithadhoo,-0.6,73.0833,28.33,74,6,2.05,MV,1743521370
255,akureyri,65.6835,-18.0878,7.96,39,20,4.63,IS,1743521335
256,vilyuchinsk,52.9306,158.4028,-4.85,85,14,2.94,RU,1743521372
257,nianzishan,47.5167,122.8833,-0.76,88,18,2.02,CN,1743521373
258,santanyi,39.3546,3.1291,16.89,56,0,2.11,ES,1743521375
259,gadzhiyevo,69.2551,33.3362,-1.38,88,90,2.2,RU,1743521376
260,cockburn town,21.4612,-71.1419,26.07,78,0,8.7,TC,1743521377
261,chilmari,25.5559,89.6715,28.8,30,4,1.87,BD,1743521379
262,dedza,-14.3779,34.3332,17.8,94,38,1.8,MW,1743521380
263,rio grande,-32.035,-52.0986,21.92,68,99,6.11,BR,1743521381
264,carnarvon,-24.8667,113.6333,26.37,81,71,8.22,AU,1743521383
265,avallon,47.4833,3.9,12.6,55,19,9.13,FR,1743521384
266,san felipe,10.3399,-68.7425,28.62,61,62,2.82,VE,1743521387
267,devils lake,48.1128,-98.8651,-2.81,91,100,10.29,US,1743521389
268,quzhou,28.9594,118.8686,11.23,66,100,0.54,CN,1743521186
269,san patricio,28.017,-97.5169,23.97,92,93,5.12,US,1743521393
270,usinsk,65.9939,57.5281,-2.0,97,100,6.87,RU,1743521394
271,tartagal,-22.5164,-63.8013,17.19,39,30,2.73,AR,1743521187
272,sedrata,36.1287,7.5338,13.37,60,77,5.49,DZ,1743521397
273,cambria,35.5641,-121.0808,8.92,90,43,0.89,US,1743521207
274,annau,37.8876,58.516,26.72,28,75,4.12,TM,1743521400
275,adh dhibiyah,24.5014,45.9686,32.3,13,44,2.49,SA,1743521401
276,pierre,44.3683,-100.351,2.7,91,100,8.49,US,1743521282
277,lhasa,29.65,91.1,10.64,13,12,2.97,CN,1743521230
278,selfoss,63.9331,-20.9971,5.65,53,100,2.07,IS,1743521405
279,ndibene dahra,15.3338,-15.4766,40.84,10,12,4.3,SN,1743521406
280,luena,-11.7833,19.9167,21.75,82,100,0.45,AO,1743521407
281,lianran,24.9227,102.485,8.3,50,100,1.78,CN,1743521409
282,mount gambier,-37.8333,140.7667,10.72,87,5,2.07,AU,1743521410
283,yuzhno-kurilsk,44.0306,145.8556,0.0,91,6,3.3,RU,1743521411
284,las tablas,7.7667,-80.2833,31.21,99,73,5.19,PA,1743521413
285,coquimbo,-29.9533,-71.3436,17.85,72,20,4.63,CL,1743520710
286,tofol,5.3248,163.0078,27.99,79,99,7.52,FM,1743521415
287,la romana,18.4273,-68.9728,29.2,65,75,5.14,DO,1743521416
288,mazatlan,23.2167,-106.4167,21.06,87,0,0.0,MX,1743521418
289,sainte-anne-des-monts,49.124,-66.4924,-1.07,86,100,12.86,CA,1743521419
290,yambio,4.5721,28.3955,28.87,50,100,1.72,SS,1743521420
291,kalamata,37.0389,22.1142,18.39,66,40,4.12,GR,1743521422
292,prince george,53.9166,-122.753,2.57,89,100,2.06,CA,1743521423
293,zhalantun,48.0,122.7167,-0.78,93,35,1.86,CN,1743521425
294,constitucion,-35.3333,-72.4167,16.3,47,86,2.69,CL,1743521159
295,dabakala,8.3667,-4.4333,38.26,22,76,1.72,CI,1743521427
296,bouarfa,32.53,-1.95,24.44,13,28,7.5,MA,1743521428
297,luang prabang,19.8856,102.1347,25.24,62,55,1.08,LA,1743521431
298,agat village,13.3886,144.6585,27.52,74,40,5.14,GU,1743521432
299,wang sai phun,16.3885,100.538,32.7,100,74,4.36,TH,1743521434
300,marsa alam,25.0757,34.8918,27.07,61,100,7.07,EG,1743521435
301,kalmunai,7.4167,81.8167,27.3,78,54,2.8,LK,1743521436
302,adrar,20.5022,-10.0711,33.82,14,58,3.29,MR,1743521438
303,tazovsky,67.4667,78.7,-14.49,97,98,5.22,RU,1743521439
304,haiku-pauwela,20.9219,-156.3051,21.23,85,75,3.58,US,1743521440
305,mount pearl,47.5166,-52.7813,10.19,100,100,9.77,CA,1743521442
306,kapuskasing,49.4169,-82.4331,-10.0,52,40,1.54,CA,1743521443
307,bamboo flat,11.7,92.7167,28.05,83,40,1.03,IN,1743521444
308,lubumbashi,-11.6609,27.4794,23.27,83,75,3.09,CD,1743521414
309,al bawiti,28.3492,28.8659,22.9,20,0,6.04,EG,1743521447
310,pirenopolis,-15.8525,-48.9592,30.8,41,26,2.8,BR,1743521448
311,formosa,-26.1775,-58.1781,18.31,89,100,4.12,AR,1743521417
312,vernon,50.2581,-119.2691,5.74,91,98,0.51,CA,1743521451
313,lihue,21.9789,-159.3672,23.77,78,75,5.66,US,1743521452
314,al muwayh,22.4333,41.7583,32.71,13,26,8.13,SA,1743521454
315,chernyshevsk,52.5243,117.0174,-3.08,74,100,1.85,RU,1743521455
316,alghero,40.5589,8.3181,17.76,36,0,4.12,IT,1743521386
317,neiafu,-18.65,-173.9833,25.38,94,75,0.0,TO,1743521458
318,myaydo,19.3667,95.2167,30.75,34,67,3.81,MM,1743521383
319,long beach,33.767,-118.1892,14.07,80,0,8.23,US,1743521284
320,cooper's town,26.8667,-77.5167,24.94,85,1,4.57,BS,1743521462
321,ouani,-12.1322,44.4258,27.95,75,95,1.95,KM,1743521463
322,tazacorte,28.629,-17.9293,21.54,70,75,3.13,ES,1743521464
323,krasnokamensk,50.0979,118.0369,1.07,45,94,2.28,RU,1743521466
324,kutum,14.2,24.6667,34.61,13,82,3.54,SD,1743521467
325,novoishimskiy,53.1981,66.7694,6.58,86,100,2.41,KZ,1743521468
326,island harbour,50.724,-1.2758,14.06,62,1,6.26,GB,1743521470
327,klyuchi,52.2667,79.1667,4.72,87,92,5.28,RU,1743521471
328,valle nacional,17.7833,-96.3167,33.41,41,49,1.95,MX,1743521472
329,sterling,39.0062,-77.4286,10.4,59,20,7.72,US,1743521458
330,raahe,64.6833,24.4833,5.78,82,95,4.91,FI,1743521475
331,chuhar jamali,24.3895,67.9923,28.97,31,0,4.12,PK,1743521476
332,bandon,51.7469,-8.7425,10.77,78,79,9.05,IE,1743521477
333,san andres,12.5847,-81.7006,29.01,70,40,4.12,CO,1743521242
334,olinda,-8.0089,-34.8553,29.85,70,75,6.17,BR,1743521481
335,pembroke,45.8168,-77.1162,-4.01,54,87,5.21,CA,1743521483
336,santa maria,-29.6842,-53.8069,18.61,94,100,2.57,BR,1743521487
337,korla,41.7597,86.1469,10.23,19,93,4.94,CN,1743521488
338,borovichi,58.3878,33.9155,10.5,61,83,2.21,RU,1743521489
339,rongelap,11.1635,166.8941,26.87,76,74,9.63,MH,1743521491
340,villa mercedes,-33.6757,-65.4578,18.48,31,2,2.46,AR,1743521383
341,sivrice,38.4482,39.3084,12.56,55,75,3.09,TR,1743521493
342,albina,5.5,-54.05,24.18,96,100,1.28,SR,1743521494
343,south hedland,-20.4089,118.5983,26.96,83,34,2.57,AU,1743521496
344,sevastopol,44.6,33.5333,9.44,61,82,2.98,UA,1743521497
345,milford haven,51.7128,-5.0341,9.2,73,10,9.97,GB,1743521498
346,borogontsy,62.6683,131.1683,-4.64,95,100,3.89,RU,1743521500
347,sarina,-21.4333,149.2167,25.9,96,100,2.97,AU,1743521501
348,charters towers,-20.1,146.2667,24.13,92,98,3.82,AU,1743521502
349,todiresti,47.3167,26.8333,11.95,71,51,5.02,RO,1743521503
350,zag,46.9441,99.165,-10.61,64,0,1.1,MN,1743521505
351,tottori,35.5,134.2333,6.04,87,100,2.57,JP,1743521506
352,newman,37.3138,-121.0208,10.02,84,96,1.79,US,1743521507
353,gorodishche,48.8045,44.4744,13.49,88,40,4.0,RU,1743521508
354,praia da vitoria,38.7333,-27.0667,11.14,71,40,14.58,PT,1743521510
355,new norfolk,-42.7826,147.0587,11.62,90,92,0.67,AU,1743521511
356,xicotencatl,23.0167,-98.8833,30.7,52,5,4.8,MX,1743521512
357,abeche,13.8292,20.8324,37.08,8,15,4.05,TD,1743521514
358,chitose,42.8194,141.6522,3.04,60,75,5.66,JP,1743521515
359,morondava,-20.2833,44.2833,28.53,77,2,4.26,MG,1743521516
360,nikel,69.4128,30.222,-3.38,92,41,2.26,RU,1743521517
361,ixtapa,20.7,-105.2,18.57,63,0,2.06,MX,1743521520
362,santa vitoria do palmar,-33.5189,-53.3681,22.55,57,40,5.55,BR,1743521262
363,pyapon,16.2833,95.6833,28.61,55,26,3.02,MM,1743521522
364,santander,43.4647,-3.8044,16.45,82,0,2.68,ES,1743521524
365,taoudenni,22.6783,-3.9836,37.03,10,28,6.4,ML,1743521525
366,westport,41.1415,-73.3579,9.62,54,0,8.23,US,1743521528
367,upington,-28.4478,21.2561,27.21,50,20,3.6,ZA,1743521529
368,tanjungagung,-3.9333,103.8,23.27,96,100,1.28,ID,1743521530
369,lexington park,38.2668,-76.4538,11.82,54,0,6.69,US,1743521494
370,linxia chengguanzhen,35.6003,103.2064,4.86,38,98,1.43,CN,1743521533
371,brokopondo,4.75,-55.1667,24.01,91,100,1.31,SR,1743521534
372,altai,46.3722,96.2583,-0.72,28,45,6.24,MN,1743521536
373,sinazongwe,-17.2614,27.4618,26.64,66,29,2.85,ZM,1743521537
374,longyearbyen,78.2186,15.6401,-8.09,62,0,3.09,SJ,1743521538
375,xining,36.6167,101.7667,2.98,34,80,3.79,CN,1743521539
376,prince rupert,54.3161,-130.3201,6.83,87,40,4.12,CA,1743521409
377,ponnani,10.767,75.9252,28.33,75,96,2.29,IN,1743521543
378,natal,-5.795,-35.2094,32.12,58,40,7.72,BR,1743520960
379,ineu,46.4333,21.85,16.19,62,54,5.88,RO,1743521546
380,tshikapa,-6.4167,20.8,24.23,81,97,2.19,CD,1743521547
381,kievka,50.2619,71.5514,2.72,95,97,1.99,KZ,1743521548
382,tamazunchale,21.2667,-98.7833,31.16,51,35,1.96,MX,1743521550
383,enewetak,11.3474,162.3373,27.06,75,92,8.98,MH,1743521551
384,bryan,30.6744,-96.37,20.86,87,100,4.63,US,1743521317
385,nema,57.5067,50.5011,3.35,96,99,2.12,RU,1743521554
386,zilair,52.2332,57.4392,7.66,76,10,2.86,RU,1743521555
387,tromso,69.6496,18.957,5.01,65,75,9.26,NO,1743521556
388,afif,23.9065,42.9172,30.44,14,47,4.0,SA,1743521558
389,happy valley-goose bay,53.3168,-60.3315,-7.83,93,100,9.77,CA,1743521559
390,khovd,48.0056,91.6419,2.55,33,0,4.56,MN,1743521560
391,chita,52.0333,113.55,-0.06,64,98,3.0,RU,1743521562
392,cajamarca,-7.1638,-78.5003,18.04,59,40,1.03,PE,1743521563
393,jinjing,24.575,118.5972,14.29,76,21,9.38,CN,1743521564
394,berezovyy,51.6667,135.7,-9.28,90,13,2.64,RU,1743521566
395,vallenar,-28.5708,-70.7581,23.15,50,0,1.64,CL,1743521297
396,chibougamau,49.9168,-74.3659,-11.21,67,75,8.75,CA,1743521568
397,peace river,56.2501,-117.286,-1.83,99,100,4.12,CA,1743521570
398,immenhausen,51.4276,9.4802,13.57,43,0,6.69,DE,1743521571
399,holualoa,19.6228,-155.9522,20.46,81,44,0.89,US,1743521572
400,oamaru,-45.0784,170.9801,12.99,90,100,3.98,NZ,1743521574
401,kristinestad,62.2743,21.376,9.01,70,47,3.87,FI,1743521575
402,ankazoabo,-22.2833,44.5167,25.61,48,0,0.7,MG,1743521576
403,siwa oasis,29.2041,25.5195,23.7,25,4,6.77,EG,1743521578
404,carbonear,47.7332,-53.2148,11.24,97,100,7.68,CA,1743521579
405,renon - ritten,46.5415,11.4573,9.33,28,40,6.17,IT,1743521580
406,saint-denis,48.9167,2.3333,16.31,36,0,10.8,FR,1743521582
407,bengkulu,-3.8004,102.2655,24.8,92,100,1.88,ID,1743521583
408,roma,43.2128,-75.4557,2.84,53,100,6.69,US,1743521403
409,wotho,10.1657,166.0102,26.72,81,41,9.2,MH,1743521586
410,el abiodh sidi cheikh,32.893,0.5484,26.87,14,75,9.82,DZ,1743521587
411,axim,4.8699,-2.2405,29.68,71,98,5.58,GH,1743521588
412,as saffaniyah,27.9708,48.73,25.26,47,66,3.92,SA,1743521589
413,filadelfia,39.9523,-75.1638,9.75,56,75,9.26,US,1743521591
414,phulbani,20.4667,84.2333,25.51,58,4,2.92,IN,1743521592
415,sarakhs,36.5449,61.1577,23.98,25,11,2.93,IR,1743521593
416,rozavlea,47.7333,24.2167,12.9,59,41,1.85,RO,1743521595
417,castillos,-34.1667,-53.8333,21.24,57,86,5.24,UY,1743521596
418,gembu,6.7,11.2667,24.32,51,100,1.84,NG,1743521597
419,ashburton,-37.8626,145.0794,15.22,78,100,0.45,AU,1743521599
420,acarau,-2.8856,-40.12,29.4,68,76,4.63,BR,1743521600
421,qamdo,31.1667,97.2333,4.27,41,100,3.93,CN,1743521601
422,callao,-12.0667,-77.15,25.16,69,0,3.09,PE,1743521547
423,villa emilio carranza,19.9667,-96.6,29.47,61,1,3.23,MX,1743521604
424,abou el hassan,36.4166,1.1962,24.69,44,100,3.82,DZ,1743521605
425,dudinka,69.4058,86.1778,-14.0,96,99,3.67,RU,1743521607
426,humboldt,40.6665,-123.9178,3.08,99,100,3.24,US,1743521608
427,monte alegre,-2.0078,-54.0692,29.98,60,45,2.15,BR,1743521609
428,buala,-8.145,159.5921,26.84,83,33,1.93,SB,1743521611
429,aksu,41.1231,80.2644,10.86,21,13,2.16,CN,1743521612
430,alofi,-19.0595,-169.9187,23.94,94,40,0.51,NU,1743521482
431,misliyah,17.4599,42.5572,30.31,59,0,2.86,SA,1743521615
432,colon,9.3592,-79.9014,32.98,59,81,3.13,PA,1743521616
433,nakamura,32.9833,132.9333,9.21,96,100,1.2,JP,1743521617
434,kongsvinger,60.1905,11.9977,13.13,49,44,1.17,NO,1743521619
435,sisimiut,66.9395,-53.6735,-12.87,80,98,0.13,GL,1743521620
436,nagqu,31.5,92.0,-0.62,11,22,3.15,CN,1743521621
437,sao jose da coroa grande,-8.8978,-35.1478,28.58,71,96,6.58,BR,1743521623
438,jiuquan,39.7432,98.5174,6.63,28,92,2.21,CN,1743521624
439,paracuru,-3.41,-39.0306,29.79,69,90,4.24,BR,1743521625
440,soio,-6.1349,12.3689,26.77,80,100,2.45,AO,1743521627
441,buritis,-15.6178,-46.4233,33.27,33,30,3.09,BR,1743521628
442,porto novo,6.4965,2.6036,31.9,65,61,4.66,BJ,1743521629
443,janauba,-15.8025,-43.3089,34.26,23,100,5.3,BR,1743521631
444,oriximina,-1.7656,-55.8661,29.11,72,66,1.38,BR,1743521632
445,plouzane,48.3833,-4.6167,19.1,58,0,8.75,FR,1743521633
446,tsetserleg,47.475,101.4542,-1.1,33,0,2.94,MN,1743521635
447,veraval,20.9,70.3667,26.75,61,0,4.85,IN,1743521637
448,lamu,-2.2717,40.902,28.3,73,100,4.5,KE,1743521639
449,matadi,-5.8167,13.45,27.74,78,95,1.89,CD,1743521640
450,mocimboa,-11.3167,40.35,25.97,88,97,2.95,MZ,1743521642
451,aripuana,-9.1667,-60.6333,28.05,89,48,1.66,BR,1743521644
452,kaspiyskiy,45.3929,47.3707,15.16,62,100,5.52,RU,1743521645
453,gyomaendrod,46.9333,20.8333,15.29,63,86,8.57,HU,1743521646
454,baijiantan,45.6333,85.1833,13.36,32,100,4.68,CN,1743521648
455,mengcheng chengguanzhen,33.2661,116.566,10.26,47,49,4.64,CN,1743521649
456,fortuna,40.5982,-124.1573,7.97,94,100,2.06,US,1743521650
457,sidi khaled,34.387,4.9879,22.86,16,76,1.66,DZ,1743521652
458,tafuna,-14.3358,-170.72,24.97,94,75,1.03,AS,1743521653
459,st. john's,47.5649,-52.7093,12.66,94,100,9.26,CA,1743521632
460,luorong,24.4058,109.6086,16.16,41,97,3.19,CN,1743521656
461,sinop,41.7711,34.8709,13.34,76,100,2.72,TR,1743521657
462,east london,-33.0153,27.9116,20.52,77,40,7.2,ZA,1743521659
463,parapat,2.663,98.9349,20.96,95,100,0.74,ID,1743521660
464,hafar al-batin,28.4328,45.9708,35.32,12,0,4.12,SA,1743521661
465,volodymyr-volynskyi,50.8525,24.3236,10.58,80,100,4.35,UA,1743521663
466,kushiro,42.975,144.3747,-0.47,86,58,2.06,JP,1743521664
467,inirida,3.8653,-67.9239,30.39,67,78,2.55,CO,1743521665
468,at taraf,25.3628,49.725,35.3,19,29,5.03,SA,1743521667
469,sandnessjoen,66.0217,12.6316,8.06,93,75,8.75,NO,1743521668
470,puerto deseado,-47.7503,-65.8938,14.25,50,96,13.39,AR,1743521483
471,urengoy,65.9667,78.3667,-13.11,92,55,5.31,RU,1743521671
472,inhuma,-6.6683,-41.7078,31.45,44,99,1.53,BR,1743521490
473,lycksele,64.5954,18.6735,7.93,71,75,4.63,SE,1743521673
474,haqqulobod,40.9167,72.1167,14.25,26,0,1.48,UZ,1743521674
475,mahina,-17.5065,-149.489,25.87,78,0,0.51,PF,1743521676
476,hami,42.8,93.45,12.11,23,98,2.79,CN,1743521677
477,fort st. john,56.2499,-120.8529,-7.06,73,75,7.72,CA,1743521678
478,broken hill,-31.95,141.4333,21.11,46,98,2.63,AU,1743521680
479,sechura,-5.5569,-80.8222,27.92,59,76,3.5,PE,1743521681
480,miguel ahumada,30.6167,-106.5167,21.36,17,2,6.84,MX,1743521682
481,inhambane,-23.865,35.3833,25.19,78,0,3.79,MZ,1743521684
482,malvan,16.0667,73.4667,28.41,71,70,0.32,IN,1743521685
483,kerikeri,-35.2268,173.9474,19.39,89,100,3.6,NZ,1743521686
484,ingeniero jacobacci,-41.3427,-69.5448,14.3,23,98,6.6,AR,1743521687
485,villa canas,-34.0057,-61.6076,19.41,63,73,4.28,AR,1743521689
486,burang,30.25,81.1667,-13.68,58,0,1.52,CN,1743521690
487,baise city,23.8997,106.6133,17.45,42,40,0.4,CN,1743521691
488,ocean city,39.2776,-74.5746,11.21,57,4,4.92,US,1743521692
489,ondangwa,-17.9167,15.95,28.19,43,90,4.88,NA,1743521694
490,bardai,11.65,7.2333,36.85,17,79,3.43,NG,1743521696
491,bubaque,11.2833,-15.8333,23.73,76,90,5.77,GW,1743521698
492,baharly,38.4362,57.4316,24.89,35,61,4.81,TM,1743521699
493,belmonte,-15.8631,-38.8828,28.93,63,61,3.28,BR,1743521700
494,alotau,-10.3069,150.4462,25.38,90,92,1.25,PG,1743521702
495,dila,6.4167,38.3167,19.4,78,97,1.92,ET,1743521703
496,isabela,6.7085,121.9711,25.03,88,100,1.53,PH,1743521704
497,cidade velha,14.9167,-23.6167,25.26,57,20,10.29,CV,1743521706
498,copiapo,-27.3667,-70.3333,22.25,50,9,2.65,CL,1743521511
499,lensk,60.7253,114.9278,0.06,97,100,3.74,RU,1743521708
500,mingguang,32.7802,117.9638,11.13,47,53,4.64,CN,1743521710
501,atbasar,51.8,68.3333,1.92,94,100,0.58,KZ,1743521711
502,tvoroyri,61.5556,-6.8111,9.31,86,96,9.5,FO,1743521712
503,umm ruwaba,12.9061,31.2158,37.82,16,53,1.82,SD,1743521714
504,zheshart,62.0731,49.5733,4.89,93,94,2.29,RU,1743521715
505,saint-francois,46.4154,3.9054,13.15,37,0,9.26,FR,1743521716
506,imbituba,-28.24,-48.6703,26.54,80,100,5.0,BR,1743521719
507,ust'-ilimsk,58.0006,102.6619,1.36,85,100,4.71,RU,1743521720
508,remire-montjoly,4.9167,-52.2667,28.02,78,75,5.66,GF,1743521722
509,hadibu,12.65,54.0333,26.29,71,32,2.75,YE,1743521723
510,tateyama,34.9833,139.8667,7.96,93,75,4.12,JP,1743521724
511,mar del plata,-38.0023,-57.5575,18.3,50,0,4.12,AR,1743520946
512,auki,-8.7676,160.7034,25.07,88,15,1.56,SB,1743521727
513,herkimer,43.0256,-74.986,2.33,47,97,4.02,US,1743521623
514,batticaloa,7.7102,81.6924,27.34,78,57,4.21,LK,1743521730
515,galle,6.0367,80.217,26.5,84,52,3.16,LK,1743521731
516,taos,36.4072,-105.5731,9.22,41,75,13.38,US,1743521732
517,mersa matruh,31.3525,27.2453,21.18,43,8,3.32,EG,1743521733
518,mossel bay,-34.1831,22.146,19.96,79,24,2.22,ZA,1743521735
519,cedarburg,43.2967,-87.9876,3.1,55,42,5.21,US,1743521736
520,anchorage,61.2181,-149.9003,3.66,70,75,2.57,US,1743521289
521,fougamou,-1.2154,10.5838,30.72,63,89,1.79,GA,1743521739
522,fort mcmurray,56.7268,-111.381,-3.23,74,100,4.12,CA,1743521740
523,sinabang,2.4803,96.3801,26.33,83,60,1.39,ID,1743521742
524,sanibel,26.449,-82.0223,30.02,76,0,1.34,US,1743521743
525,eduardo castex,-35.915,-64.2945,17.75,47,91,7.31,AR,1743521744
526,greenland,43.0362,-70.8328,7.96,57,20,9.77,US,1743521745
527,carauari,-4.8828,-66.8958,27.13,77,100,1.58,BR,1743521747
528,lethem,3.3803,-59.7968,29.03,65,40,6.17,GY,1743521748
529,malanje,-9.5402,16.341,19.99,94,100,1.59,AO,1743521749
530,ribeira brava,32.65,-17.0667,18.73,88,13,5.89,PT,1743521751
531,tajerouine,35.8917,8.5528,14.59,52,49,6.7,TN,1743521753
532,tamanrasset,22.785,5.5228,26.95,4,0,5.66,DZ,1743521755
533,mont-dore,-22.2833,166.5833,27.22,99,97,2.79,NC,1743521757
534,mananara,-16.1667,49.7667,24.67,89,7,2.54,MG,1743521759
535,aykhal,66.0,111.5,-17.36,100,59,0.89,RU,1743521593
536,bodo,67.28,14.405,8.02,97,75,9.77,NO,1743521762
537,maxixe,-23.8597,35.3472,24.88,79,0,3.56,MZ,1743521763
538,ulladulla,-35.35,150.4667,14.27,79,100,3.94,AU,1743521764
539,mammoth lakes,37.6485,-118.9721,-5.37,60,67,3.13,US,1743521766
540,sabha,27.0377,14.4283,24.16,16,0,5.33,LY,1743521767
541,arroyito,-31.4202,-63.05,20.62,36,1,3.15,AR,1743521768
542,obihiro,42.9172,143.2044,-1.12,89,58,1.08,JP,1743521770
543,tindouf,27.6711,-8.1474,26.25,25,10,9.26,DZ,1743521771
544,kristiansund,63.1115,7.732,13.36,67,75,5.66,NO,1743521772
545,conceicao da barra,-18.5933,-39.7322,30.87,56,44,3.49,BR,1743521774
546,port hedland,-20.3167,118.5667,27.03,83,38,2.57,AU,1743521775
547,kapa'a,22.0752,-159.319,24.18,90,75,5.66,US,1743521776
548,arauquita,7.0292,-71.4281,35.05,35,65,2.47,CO,1743521777
549,baykalovo,57.3981,63.7684,2.37,96,98,1.66,RU,1743521778
550,qusmuryn,52.4503,64.6311,10.15,65,95,2.4,KZ,1743521780
551,nizwa,22.9333,57.5333,27.61,18,0,2.19,OM,1743521781
552,urzhar,47.093,81.6294,-0.01,89,87,2.23,KZ,1743521783
553,ipira,-12.1583,-39.7372,33.09,38,100,7.34,BR,1743521784
554,utrik,11.2278,169.8474,26.67,74,96,9.1,MH,1743521787
555,ciudad victoria,23.7333,-99.1333,27.49,69,0,6.69,MX,1743521788
556,nevsehir,38.9167,34.6667,13.56,44,75,6.17,TR,1743521790
557,guerrero negro,27.9769,-114.0611,16.39,75,100,9.83,MX,1743521791
558,parral,26.9333,-105.6667,24.01,8,7,4.8,MX,1743521769
559,klaksvik,62.2266,-6.589,8.73,91,95,8.22,FO,1743521794
560,nova cruz,-6.4781,-35.4339,33.01,45,99,6.3,BR,1743521795
561,celestun,20.8667,-90.4,30.59,53,95,4.58,MX,1743521797
562,along,28.1667,94.7667,16.89,62,66,0.44,IN,1743521798
563,brookings,44.3114,-96.7984,0.25,97,100,8.75,US,1743521801
564,qui nhon,13.7667,109.2333,22.65,82,100,6.15,VN,1743521802
565,markham,43.8668,-79.2663,1.38,48,2,5.33,CA,1743521534
566,dawesville,30.9224,-84.0091,19.17,94,100,1.54,US,1743521806
567,nova sintra,14.8667,-24.7167,21.25,83,100,13.37,CV,1743521807
568,weyburn,49.6668,-103.8511,-2.88,86,99,9.77,CA,1743521801
569,nishinoomote,30.7333,131.0,15.14,88,100,13.72,JP,1743521810
570,shenjiamen,29.9576,122.298,9.02,65,100,2.01,CN,1743521811
571,amboasary,-25.0333,46.3833,26.2,78,7,4.15,MG,1743521812
572,fale old settlement,-9.3852,-171.2468,28.34,75,69,4.2,TK,1743521814
573,aberdeen,57.1437,-2.0981,13.63,49,100,8.75,GB,1743521815
574,balabac,7.9868,117.0645,27.06,81,94,5.08,PH,1743521816
575,labytnangi,66.6572,66.4183,-11.78,91,80,1.82,RU,1743521818
576,amga,60.8953,131.9608,-1.7,97,100,2.63,RU,1743521820
577,vilyuysk,63.7553,121.6247,-16.89,99,40,1.8,RU,1743521821
578,naze,28.3667,129.4833,16.51,88,99,3.16,JP,1743521823
579,kilju,40.9642,129.3278,4.5,71,100,0.88,KP,1743521824
580,xinxiang,35.3089,113.8672,14.83,13,77,5.04,CN,1743521825
581,ohara,35.25,140.3833,14.37,96,100,8.28,JP,1743521826
582,katsuren-haebaru,26.3369,127.8719,20.01,89,100,0.0,JP,1743521828
583,ayorou,14.7308,0.9174,38.21,3,60,3.58,NE,1743521829
584,tsiombe,-25.3,45.4833,24.94,85,0,5.06,MG,1743521830
585,berasia,23.6333,77.4333,29.77,13,14,2.75,IN,1743521831
586,nchelenge,-9.3451,28.734,22.13,88,96,7.58,ZM,1743521834
587,san pedro pochutla,15.7333,-96.4667,29.28,49,99,2.71,MX,1743521835
588,pangody,65.85,74.4859,-12.2,96,54,3.45,RU,1743521836
589,beira,-19.8436,34.8389,25.59,74,21,2.68,MZ,1743521838
590,al bayda',32.7627,21.7551,11.81,72,91,10.11,LY,1743521840
591,turpan,42.9333,89.1667,16.7,17,86,2.0,CN,1743521841
592,bontang,0.1333,117.5,25.52,88,99,2.46,ID,1743521843
